C:/Users/asmit/PycharmProjects/pytorch/739-proj/outFolder\S005\001,3
C:/Users/asmit/PycharmProjects/pytorch/739-proj/outFolder\S010\001,0
C:/Users/asmit/PycharmProjects/pytorch/739-proj/outFolder\S010\002,7
C:/Users/asmit/PycharmProjects/pytorch/739-proj/outFolder\S010\003,0
C:/Users/asmit/PycharmProjects/pytorch/739-proj/outFolder\S010\004,1
C:/Users/asmit/PycharmProjects/pytorch/739-proj/outFolder\S010\005,0
C:/Users/asmit/PycharmProjects/pytorch/739-proj/outFolder\S010\006,5
C:/Users/asmit/PycharmProjects/pytorch/739-proj/outFolder\S011\001,7
C:/Users/asmit/PycharmProjects/pytorch/739-proj/outFolder\S011\002,6
C:/Users/asmit/PycharmProjects/pytorch/739-proj/outFolder\S011\003,4
C:/Users/asmit/PycharmProjects/pytorch/739-proj/outFolder\S011\004,1
C:/Users/asmit/PycharmProjects/pytorch/739-proj/outFolder\S011\005,3
C:/Users/asmit/PycharmProjects/pytorch/739-proj/outFolder\S011\006,5
C:/Users/asmit/PycharmProjects/pytorch/739-proj/outFolder\S014\001,7
C:/Users/asmit/PycharmProjects/pytorch/739-proj/outFolder\S014\002,6
C:/Users/asmit/PycharmProjects/pytorch/739-proj/outFolder\S014\003,1
C:/Users/asmit/PycharmProjects/pytorch/739-proj/outFolder\S014\004,0
C:/Users/asmit/PycharmProjects/pytorch/739-proj/outFolder\S014\005,5
C:/Users/asmit/PycharmProjects/pytorch/739-proj/outFolder\S022\001,7
C:/Users/asmit/PycharmProjects/pytorch/739-proj/outFolder\S022\002,0
C:/Users/asmit/PycharmProjects/pytorch/739-proj/outFolder\S022\003,0
C:/Users/asmit/PycharmProjects/pytorch/739-proj/outFolder\S022\004,0
C:/Users/asmit/PycharmProjects/pytorch/739-proj/outFolder\S022\005,1
C:/Users/asmit/PycharmProjects/pytorch/739-proj/outFolder\S022\006,3
C:/Users/asmit/PycharmProjects/pytorch/739-proj/outFolder\S026\001,7
C:/Users/asmit/PycharmProjects/pytorch/739-proj/outFolder\S026\002,6
C:/Users/asmit/PycharmProjects/pytorch/739-proj/outFolder\S026\003,1
C:/Users/asmit/PycharmProjects/pytorch/739-proj/outFolder\S026\004,0
C:/Users/asmit/PycharmProjects/pytorch/739-proj/outFolder\S026\005,0
C:/Users/asmit/PycharmProjects/pytorch/739-proj/outFolder\S026\006,5
C:/Users/asmit/PycharmProjects/pytorch/739-proj/outFolder\S028\001,1
C:/Users/asmit/PycharmProjects/pytorch/739-proj/outFolder\S029\001,1
C:/Users/asmit/PycharmProjects/pytorch/739-proj/outFolder\S032\001,7
C:/Users/asmit/PycharmProjects/pytorch/739-proj/outFolder\S032\002,0
C:/Users/asmit/PycharmProjects/pytorch/739-proj/outFolder\S032\003,1
C:/Users/asmit/PycharmProjects/pytorch/739-proj/outFolder\S032\004,4
C:/Users/asmit/PycharmProjects/pytorch/739-proj/outFolder\S032\005,3
C:/Users/asmit/PycharmProjects/pytorch/739-proj/outFolder\S032\006,5
C:/Users/asmit/PycharmProjects/pytorch/739-proj/outFolder\S034\001,7
C:/Users/asmit/PycharmProjects/pytorch/739-proj/outFolder\S034\002,0
C:/Users/asmit/PycharmProjects/pytorch/739-proj/outFolder\S034\003,1
C:/Users/asmit/PycharmProjects/pytorch/739-proj/outFolder\S034\004,0
C:/Users/asmit/PycharmProjects/pytorch/739-proj/outFolder\S034\005,5
C:/Users/asmit/PycharmProjects/pytorch/739-proj/outFolder\S035\001,7
C:/Users/asmit/PycharmProjects/pytorch/739-proj/outFolder\S035\002,0
C:/Users/asmit/PycharmProjects/pytorch/739-proj/outFolder\S035\003,0
C:/Users/asmit/PycharmProjects/pytorch/739-proj/outFolder\S035\004,0
C:/Users/asmit/PycharmProjects/pytorch/739-proj/outFolder\S035\005,3
C:/Users/asmit/PycharmProjects/pytorch/739-proj/outFolder\S035\006,5
C:/Users/asmit/PycharmProjects/pytorch/739-proj/outFolder\S037\001,7
C:/Users/asmit/PycharmProjects/pytorch/739-proj/outFolder\S037\002,0
C:/Users/asmit/PycharmProjects/pytorch/739-proj/outFolder\S037\003,1
C:/Users/asmit/PycharmProjects/pytorch/739-proj/outFolder\S037\004,0
C:/Users/asmit/PycharmProjects/pytorch/739-proj/outFolder\S037\005,0
C:/Users/asmit/PycharmProjects/pytorch/739-proj/outFolder\S037\006,5
C:/Users/asmit/PycharmProjects/pytorch/739-proj/outFolder\S042\001,7
C:/Users/asmit/PycharmProjects/pytorch/739-proj/outFolder\S042\002,6
C:/Users/asmit/PycharmProjects/pytorch/739-proj/outFolder\S042\003,0
C:/Users/asmit/PycharmProjects/pytorch/739-proj/outFolder\S042\004,1
C:/Users/asmit/PycharmProjects/pytorch/739-proj/outFolder\S042\005,0
C:/Users/asmit/PycharmProjects/pytorch/739-proj/outFolder\S042\006,5
C:/Users/asmit/PycharmProjects/pytorch/739-proj/outFolder\S044\001,7
C:/Users/asmit/PycharmProjects/pytorch/739-proj/outFolder\S044\002,0
C:/Users/asmit/PycharmProjects/pytorch/739-proj/outFolder\S044\003,5
C:/Users/asmit/PycharmProjects/pytorch/739-proj/outFolder\S044\004,0
C:/Users/asmit/PycharmProjects/pytorch/739-proj/outFolder\S044\005,0
C:/Users/asmit/PycharmProjects/pytorch/739-proj/outFolder\S044\006,3
C:/Users/asmit/PycharmProjects/pytorch/739-proj/outFolder\S045\001,0
C:/Users/asmit/PycharmProjects/pytorch/739-proj/outFolder\S045\002,0
C:/Users/asmit/PycharmProjects/pytorch/739-proj/outFolder\S045\003,0
C:/Users/asmit/PycharmProjects/pytorch/739-proj/outFolder\S045\004,3
C:/Users/asmit/PycharmProjects/pytorch/739-proj/outFolder\S045\005,1
C:/Users/asmit/PycharmProjects/pytorch/739-proj/outFolder\S046\001,6
C:/Users/asmit/PycharmProjects/pytorch/739-proj/outFolder\S046\002,7
C:/Users/asmit/PycharmProjects/pytorch/739-proj/outFolder\S046\003,4
C:/Users/asmit/PycharmProjects/pytorch/739-proj/outFolder\S046\004,3
C:/Users/asmit/PycharmProjects/pytorch/739-proj/outFolder\S046\005,0
C:/Users/asmit/PycharmProjects/pytorch/739-proj/outFolder\S050\001,4
C:/Users/asmit/PycharmProjects/pytorch/739-proj/outFolder\S050\002,7
C:/Users/asmit/PycharmProjects/pytorch/739-proj/outFolder\S050\003,0
C:/Users/asmit/PycharmProjects/pytorch/739-proj/outFolder\S050\004,1
C:/Users/asmit/PycharmProjects/pytorch/739-proj/outFolder\S050\005,0
C:/Users/asmit/PycharmProjects/pytorch/739-proj/outFolder\S050\006,5
C:/Users/asmit/PycharmProjects/pytorch/739-proj/outFolder\S051\001,0
C:/Users/asmit/PycharmProjects/pytorch/739-proj/outFolder\S051\002,7
C:/Users/asmit/PycharmProjects/pytorch/739-proj/outFolder\S051\003,3
C:/Users/asmit/PycharmProjects/pytorch/739-proj/outFolder\S052\001,7
C:/Users/asmit/PycharmProjects/pytorch/739-proj/outFolder\S052\002,0
C:/Users/asmit/PycharmProjects/pytorch/739-proj/outFolder\S052\003,0
C:/Users/asmit/PycharmProjects/pytorch/739-proj/outFolder\S052\004,5
C:/Users/asmit/PycharmProjects/pytorch/739-proj/outFolder\S052\006,3
C:/Users/asmit/PycharmProjects/pytorch/739-proj/outFolder\S053\001,7
C:/Users/asmit/PycharmProjects/pytorch/739-proj/outFolder\S053\003,0
C:/Users/asmit/PycharmProjects/pytorch/739-proj/outFolder\S053\004,5
C:/Users/asmit/PycharmProjects/pytorch/739-proj/outFolder\S054\001,0
C:/Users/asmit/PycharmProjects/pytorch/739-proj/outFolder\S054\002,4
C:/Users/asmit/PycharmProjects/pytorch/739-proj/outFolder\S054\003,7
C:/Users/asmit/PycharmProjects/pytorch/739-proj/outFolder\S054\004,3
C:/Users/asmit/PycharmProjects/pytorch/739-proj/outFolder\S055\001,7
C:/Users/asmit/PycharmProjects/pytorch/739-proj/outFolder\S055\002,0
C:/Users/asmit/PycharmProjects/pytorch/739-proj/outFolder\S055\003,3
C:/Users/asmit/PycharmProjects/pytorch/739-proj/outFolder\S055\004,1
C:/Users/asmit/PycharmProjects/pytorch/739-proj/outFolder\S055\005,5
C:/Users/asmit/PycharmProjects/pytorch/739-proj/outFolder\S055\006,4
C:/Users/asmit/PycharmProjects/pytorch/739-proj/outFolder\S056\001,0
C:/Users/asmit/PycharmProjects/pytorch/739-proj/outFolder\S056\002,3
C:/Users/asmit/PycharmProjects/pytorch/739-proj/outFolder\S056\003,7
C:/Users/asmit/PycharmProjects/pytorch/739-proj/outFolder\S056\004,5
C:/Users/asmit/PycharmProjects/pytorch/739-proj/outFolder\S057\001,7
C:/Users/asmit/PycharmProjects/pytorch/739-proj/outFolder\S057\002,0
C:/Users/asmit/PycharmProjects/pytorch/739-proj/outFolder\S057\003,3
C:/Users/asmit/PycharmProjects/pytorch/739-proj/outFolder\S057\004,0
C:/Users/asmit/PycharmProjects/pytorch/739-proj/outFolder\S057\005,0
C:/Users/asmit/PycharmProjects/pytorch/739-proj/outFolder\S057\006,5
C:/Users/asmit/PycharmProjects/pytorch/739-proj/outFolder\S058\001,7
C:/Users/asmit/PycharmProjects/pytorch/739-proj/outFolder\S058\002,0
C:/Users/asmit/PycharmProjects/pytorch/739-proj/outFolder\S058\003,0
C:/Users/asmit/PycharmProjects/pytorch/739-proj/outFolder\S058\005,1
C:/Users/asmit/PycharmProjects/pytorch/739-proj/outFolder\S058\006,3
C:/Users/asmit/PycharmProjects/pytorch/739-proj/outFolder\S059\001,7
C:/Users/asmit/PycharmProjects/pytorch/739-proj/outFolder\S059\002,4
C:/Users/asmit/PycharmProjects/pytorch/739-proj/outFolder\S059\003,0
C:/Users/asmit/PycharmProjects/pytorch/739-proj/outFolder\S060\001,0
C:/Users/asmit/PycharmProjects/pytorch/739-proj/outFolder\S060\002,5
C:/Users/asmit/PycharmProjects/pytorch/739-proj/outFolder\S060\003,7
C:/Users/asmit/PycharmProjects/pytorch/739-proj/outFolder\S060\005,3
C:/Users/asmit/PycharmProjects/pytorch/739-proj/outFolder\S061\001,7
C:/Users/asmit/PycharmProjects/pytorch/739-proj/outFolder\S061\002,5
C:/Users/asmit/PycharmProjects/pytorch/739-proj/outFolder\S061\004,3
C:/Users/asmit/PycharmProjects/pytorch/739-proj/outFolder\S062\001,4
C:/Users/asmit/PycharmProjects/pytorch/739-proj/outFolder\S062\002,7
C:/Users/asmit/PycharmProjects/pytorch/739-proj/outFolder\S062\003,0
C:/Users/asmit/PycharmProjects/pytorch/739-proj/outFolder\S062\004,5
C:/Users/asmit/PycharmProjects/pytorch/739-proj/outFolder\S062\005,3
C:/Users/asmit/PycharmProjects/pytorch/739-proj/outFolder\S063\001,7
C:/Users/asmit/PycharmProjects/pytorch/739-proj/outFolder\S063\002,5
C:/Users/asmit/PycharmProjects/pytorch/739-proj/outFolder\S064\001,7
C:/Users/asmit/PycharmProjects/pytorch/739-proj/outFolder\S064\002,0
C:/Users/asmit/PycharmProjects/pytorch/739-proj/outFolder\S064\003,5
C:/Users/asmit/PycharmProjects/pytorch/739-proj/outFolder\S064\004,6
C:/Users/asmit/PycharmProjects/pytorch/739-proj/outFolder\S065\001,0
C:/Users/asmit/PycharmProjects/pytorch/739-proj/outFolder\S065\002,4
C:/Users/asmit/PycharmProjects/pytorch/739-proj/outFolder\S065\003,7
C:/Users/asmit/PycharmProjects/pytorch/739-proj/outFolder\S065\004,5
C:/Users/asmit/PycharmProjects/pytorch/739-proj/outFolder\S065\005,3
C:/Users/asmit/PycharmProjects/pytorch/739-proj/outFolder\S066\001,0
C:/Users/asmit/PycharmProjects/pytorch/739-proj/outFolder\S066\002,7
C:/Users/asmit/PycharmProjects/pytorch/739-proj/outFolder\S066\003,5
C:/Users/asmit/PycharmProjects/pytorch/739-proj/outFolder\S066\004,6
C:/Users/asmit/PycharmProjects/pytorch/739-proj/outFolder\S066\005,1
C:/Users/asmit/PycharmProjects/pytorch/739-proj/outFolder\S067\001,0
C:/Users/asmit/PycharmProjects/pytorch/739-proj/outFolder\S067\002,7
C:/Users/asmit/PycharmProjects/pytorch/739-proj/outFolder\S067\003,0
C:/Users/asmit/PycharmProjects/pytorch/739-proj/outFolder\S067\004,1
C:/Users/asmit/PycharmProjects/pytorch/739-proj/outFolder\S067\005,5
C:/Users/asmit/PycharmProjects/pytorch/739-proj/outFolder\S067\006,3
C:/Users/asmit/PycharmProjects/pytorch/739-proj/outFolder\S068\001,0
C:/Users/asmit/PycharmProjects/pytorch/739-proj/outFolder\S068\002,5
C:/Users/asmit/PycharmProjects/pytorch/739-proj/outFolder\S068\003,7
C:/Users/asmit/PycharmProjects/pytorch/739-proj/outFolder\S068\004,4
C:/Users/asmit/PycharmProjects/pytorch/739-proj/outFolder\S068\005,3
C:/Users/asmit/PycharmProjects/pytorch/739-proj/outFolder\S069\001,0
C:/Users/asmit/PycharmProjects/pytorch/739-proj/outFolder\S069\002,7
C:/Users/asmit/PycharmProjects/pytorch/739-proj/outFolder\S069\003,3
C:/Users/asmit/PycharmProjects/pytorch/739-proj/outFolder\S069\004,5
C:/Users/asmit/PycharmProjects/pytorch/739-proj/outFolder\S069\005,0
C:/Users/asmit/PycharmProjects/pytorch/739-proj/outFolder\S070\001,0
C:/Users/asmit/PycharmProjects/pytorch/739-proj/outFolder\S070\002,7
C:/Users/asmit/PycharmProjects/pytorch/739-proj/outFolder\S070\003,5
C:/Users/asmit/PycharmProjects/pytorch/739-proj/outFolder\S070\005,3
C:/Users/asmit/PycharmProjects/pytorch/739-proj/outFolder\S071\001,7
C:/Users/asmit/PycharmProjects/pytorch/739-proj/outFolder\S071\002,6
C:/Users/asmit/PycharmProjects/pytorch/739-proj/outFolder\S071\003,0
C:/Users/asmit/PycharmProjects/pytorch/739-proj/outFolder\S071\004,1
C:/Users/asmit/PycharmProjects/pytorch/739-proj/outFolder\S071\005,5
C:/Users/asmit/PycharmProjects/pytorch/739-proj/outFolder\S071\006,3
C:/Users/asmit/PycharmProjects/pytorch/739-proj/outFolder\S072\001,0
C:/Users/asmit/PycharmProjects/pytorch/739-proj/outFolder\S072\002,0
C:/Users/asmit/PycharmProjects/pytorch/739-proj/outFolder\S072\003,0
C:/Users/asmit/PycharmProjects/pytorch/739-proj/outFolder\S072\004,0
C:/Users/asmit/PycharmProjects/pytorch/739-proj/outFolder\S072\005,1
C:/Users/asmit/PycharmProjects/pytorch/739-proj/outFolder\S072\006,5
C:/Users/asmit/PycharmProjects/pytorch/739-proj/outFolder\S073\001,7
C:/Users/asmit/PycharmProjects/pytorch/739-proj/outFolder\S073\002,0
C:/Users/asmit/PycharmProjects/pytorch/739-proj/outFolder\S073\003,0
C:/Users/asmit/PycharmProjects/pytorch/739-proj/outFolder\S073\004,0
C:/Users/asmit/PycharmProjects/pytorch/739-proj/outFolder\S073\005,0
C:/Users/asmit/PycharmProjects/pytorch/739-proj/outFolder\S073\006,3
C:/Users/asmit/PycharmProjects/pytorch/739-proj/outFolder\S074\001,4
C:/Users/asmit/PycharmProjects/pytorch/739-proj/outFolder\S074\002,7
C:/Users/asmit/PycharmProjects/pytorch/739-proj/outFolder\S074\003,0
C:/Users/asmit/PycharmProjects/pytorch/739-proj/outFolder\S074\004,3
C:/Users/asmit/PycharmProjects/pytorch/739-proj/outFolder\S074\005,5
C:/Users/asmit/PycharmProjects/pytorch/739-proj/outFolder\S075\001,0
C:/Users/asmit/PycharmProjects/pytorch/739-proj/outFolder\S075\002,7
C:/Users/asmit/PycharmProjects/pytorch/739-proj/outFolder\S075\003,0
C:/Users/asmit/PycharmProjects/pytorch/739-proj/outFolder\S075\004,0
C:/Users/asmit/PycharmProjects/pytorch/739-proj/outFolder\S075\005,3
C:/Users/asmit/PycharmProjects/pytorch/739-proj/outFolder\S075\006,5
C:/Users/asmit/PycharmProjects/pytorch/739-proj/outFolder\S075\007,0
C:/Users/asmit/PycharmProjects/pytorch/739-proj/outFolder\S075\008,1
C:/Users/asmit/PycharmProjects/pytorch/739-proj/outFolder\S076\001,7
C:/Users/asmit/PycharmProjects/pytorch/739-proj/outFolder\S076\002,0
C:/Users/asmit/PycharmProjects/pytorch/739-proj/outFolder\S076\003,0
C:/Users/asmit/PycharmProjects/pytorch/739-proj/outFolder\S076\004,0
C:/Users/asmit/PycharmProjects/pytorch/739-proj/outFolder\S076\005,3
C:/Users/asmit/PycharmProjects/pytorch/739-proj/outFolder\S076\006,5
C:/Users/asmit/PycharmProjects/pytorch/739-proj/outFolder\S077\001,7
C:/Users/asmit/PycharmProjects/pytorch/739-proj/outFolder\S077\002,0
C:/Users/asmit/PycharmProjects/pytorch/739-proj/outFolder\S077\003,0
C:/Users/asmit/PycharmProjects/pytorch/739-proj/outFolder\S077\004,0
C:/Users/asmit/PycharmProjects/pytorch/739-proj/outFolder\S077\005,0
C:/Users/asmit/PycharmProjects/pytorch/739-proj/outFolder\S077\006,3
C:/Users/asmit/PycharmProjects/pytorch/739-proj/outFolder\S077\007,0
C:/Users/asmit/PycharmProjects/pytorch/739-proj/outFolder\S078\001,7
C:/Users/asmit/PycharmProjects/pytorch/739-proj/outFolder\S078\002,0
C:/Users/asmit/PycharmProjects/pytorch/739-proj/outFolder\S078\003,0
C:/Users/asmit/PycharmProjects/pytorch/739-proj/outFolder\S078\004,5
C:/Users/asmit/PycharmProjects/pytorch/739-proj/outFolder\S078\005,0
C:/Users/asmit/PycharmProjects/pytorch/739-proj/outFolder\S078\006,0
C:/Users/asmit/PycharmProjects/pytorch/739-proj/outFolder\S078\007,3
C:/Users/asmit/PycharmProjects/pytorch/739-proj/outFolder\S079\001,7
C:/Users/asmit/PycharmProjects/pytorch/739-proj/outFolder\S079\002,3
C:/Users/asmit/PycharmProjects/pytorch/739-proj/outFolder\S079\003,0
C:/Users/asmit/PycharmProjects/pytorch/739-proj/outFolder\S079\004,5
C:/Users/asmit/PycharmProjects/pytorch/739-proj/outFolder\S080\001,7
C:/Users/asmit/PycharmProjects/pytorch/739-proj/outFolder\S080\002,0
C:/Users/asmit/PycharmProjects/pytorch/739-proj/outFolder\S080\003,0
C:/Users/asmit/PycharmProjects/pytorch/739-proj/outFolder\S080\004,0
C:/Users/asmit/PycharmProjects/pytorch/739-proj/outFolder\S080\005,6
C:/Users/asmit/PycharmProjects/pytorch/739-proj/outFolder\S080\008,3
C:/Users/asmit/PycharmProjects/pytorch/739-proj/outFolder\S081\001,7
C:/Users/asmit/PycharmProjects/pytorch/739-proj/outFolder\S081\002,6
C:/Users/asmit/PycharmProjects/pytorch/739-proj/outFolder\S081\003,0
C:/Users/asmit/PycharmProjects/pytorch/739-proj/outFolder\S081\004,0
C:/Users/asmit/PycharmProjects/pytorch/739-proj/outFolder\S081\005,0
C:/Users/asmit/PycharmProjects/pytorch/739-proj/outFolder\S081\008,3
C:/Users/asmit/PycharmProjects/pytorch/739-proj/outFolder\S082\001,7
C:/Users/asmit/PycharmProjects/pytorch/739-proj/outFolder\S082\002,0
C:/Users/asmit/PycharmProjects/pytorch/739-proj/outFolder\S082\003,0
C:/Users/asmit/PycharmProjects/pytorch/739-proj/outFolder\S082\004,0
C:/Users/asmit/PycharmProjects/pytorch/739-proj/outFolder\S082\005,1
C:/Users/asmit/PycharmProjects/pytorch/739-proj/outFolder\S082\006,0
C:/Users/asmit/PycharmProjects/pytorch/739-proj/outFolder\S082\007,3
C:/Users/asmit/PycharmProjects/pytorch/739-proj/outFolder\S083\001,0
C:/Users/asmit/PycharmProjects/pytorch/739-proj/outFolder\S083\002,0
C:/Users/asmit/PycharmProjects/pytorch/739-proj/outFolder\S083\003,5
C:/Users/asmit/PycharmProjects/pytorch/739-proj/outFolder\S083\004,0
C:/Users/asmit/PycharmProjects/pytorch/739-proj/outFolder\S084\001,7
C:/Users/asmit/PycharmProjects/pytorch/739-proj/outFolder\S084\002,4
C:/Users/asmit/PycharmProjects/pytorch/739-proj/outFolder\S084\004,0
C:/Users/asmit/PycharmProjects/pytorch/739-proj/outFolder\S085\001,0
C:/Users/asmit/PycharmProjects/pytorch/739-proj/outFolder\S085\002,5
C:/Users/asmit/PycharmProjects/pytorch/739-proj/outFolder\S085\003,7
C:/Users/asmit/PycharmProjects/pytorch/739-proj/outFolder\S085\004,3
C:/Users/asmit/PycharmProjects/pytorch/739-proj/outFolder\S086\001,7
C:/Users/asmit/PycharmProjects/pytorch/739-proj/outFolder\S086\002,5
C:/Users/asmit/PycharmProjects/pytorch/739-proj/outFolder\S087\001,7
C:/Users/asmit/PycharmProjects/pytorch/739-proj/outFolder\S087\002,0
C:/Users/asmit/PycharmProjects/pytorch/739-proj/outFolder\S087\003,0
C:/Users/asmit/PycharmProjects/pytorch/739-proj/outFolder\S087\004,3
C:/Users/asmit/PycharmProjects/pytorch/739-proj/outFolder\S087\005,5
C:/Users/asmit/PycharmProjects/pytorch/739-proj/outFolder\S087\006,0
C:/Users/asmit/PycharmProjects/pytorch/739-proj/outFolder\S087\007,1
C:/Users/asmit/PycharmProjects/pytorch/739-proj/outFolder\S088\001,7
C:/Users/asmit/PycharmProjects/pytorch/739-proj/outFolder\S088\002,0
C:/Users/asmit/PycharmProjects/pytorch/739-proj/outFolder\S088\003,0
C:/Users/asmit/PycharmProjects/pytorch/739-proj/outFolder\S088\004,3
C:/Users/asmit/PycharmProjects/pytorch/739-proj/outFolder\S089\001,7
C:/Users/asmit/PycharmProjects/pytorch/739-proj/outFolder\S089\002,5
C:/Users/asmit/PycharmProjects/pytorch/739-proj/outFolder\S089\003,1
C:/Users/asmit/PycharmProjects/pytorch/739-proj/outFolder\S090\002,7
C:/Users/asmit/PycharmProjects/pytorch/739-proj/outFolder\S090\006,3
C:/Users/asmit/PycharmProjects/pytorch/739-proj/outFolder\S090\007,1
C:/Users/asmit/PycharmProjects/pytorch/739-proj/outFolder\S091\001,4
C:/Users/asmit/PycharmProjects/pytorch/739-proj/outFolder\S091\002,0
C:/Users/asmit/PycharmProjects/pytorch/739-proj/outFolder\S091\003,5
C:/Users/asmit/PycharmProjects/pytorch/739-proj/outFolder\S092\001,7
C:/Users/asmit/PycharmProjects/pytorch/739-proj/outFolder\S092\002,0
C:/Users/asmit/PycharmProjects/pytorch/739-proj/outFolder\S092\003,1
C:/Users/asmit/PycharmProjects/pytorch/739-proj/outFolder\S092\004,5
C:/Users/asmit/PycharmProjects/pytorch/739-proj/outFolder\S093\001,6
C:/Users/asmit/PycharmProjects/pytorch/739-proj/outFolder\S093\002,0
C:/Users/asmit/PycharmProjects/pytorch/739-proj/outFolder\S093\003,0
C:/Users/asmit/PycharmProjects/pytorch/739-proj/outFolder\S093\004,5
C:/Users/asmit/PycharmProjects/pytorch/739-proj/outFolder\S094\001,7
C:/Users/asmit/PycharmProjects/pytorch/739-proj/outFolder\S094\003,0
C:/Users/asmit/PycharmProjects/pytorch/739-proj/outFolder\S094\004,5
C:/Users/asmit/PycharmProjects/pytorch/739-proj/outFolder\S095\001,7
C:/Users/asmit/PycharmProjects/pytorch/739-proj/outFolder\S095\002,0
C:/Users/asmit/PycharmProjects/pytorch/739-proj/outFolder\S095\003,0
C:/Users/asmit/PycharmProjects/pytorch/739-proj/outFolder\S095\004,0
C:/Users/asmit/PycharmProjects/pytorch/739-proj/outFolder\S095\005,0
C:/Users/asmit/PycharmProjects/pytorch/739-proj/outFolder\S095\006,3
C:/Users/asmit/PycharmProjects/pytorch/739-proj/outFolder\S095\007,5
C:/Users/asmit/PycharmProjects/pytorch/739-proj/outFolder\S095\010,6
C:/Users/asmit/PycharmProjects/pytorch/739-proj/outFolder\S096\001,7
C:/Users/asmit/PycharmProjects/pytorch/739-proj/outFolder\S096\002,0
C:/Users/asmit/PycharmProjects/pytorch/739-proj/outFolder\S096\003,3
C:/Users/asmit/PycharmProjects/pytorch/739-proj/outFolder\S096\004,5
C:/Users/asmit/PycharmProjects/pytorch/739-proj/outFolder\S097\001,7
C:/Users/asmit/PycharmProjects/pytorch/739-proj/outFolder\S097\002,0
C:/Users/asmit/PycharmProjects/pytorch/739-proj/outFolder\S097\003,0
C:/Users/asmit/PycharmProjects/pytorch/739-proj/outFolder\S097\004,3
C:/Users/asmit/PycharmProjects/pytorch/739-proj/outFolder\S097\005,0
C:/Users/asmit/PycharmProjects/pytorch/739-proj/outFolder\S097\006,5
C:/Users/asmit/PycharmProjects/pytorch/739-proj/outFolder\S098\001,0
C:/Users/asmit/PycharmProjects/pytorch/739-proj/outFolder\S098\002,0
C:/Users/asmit/PycharmProjects/pytorch/739-proj/outFolder\S098\003,3
C:/Users/asmit/PycharmProjects/pytorch/739-proj/outFolder\S098\004,5
C:/Users/asmit/PycharmProjects/pytorch/739-proj/outFolder\S099\001,7
C:/Users/asmit/PycharmProjects/pytorch/739-proj/outFolder\S099\002,0
C:/Users/asmit/PycharmProjects/pytorch/739-proj/outFolder\S099\003,0
C:/Users/asmit/PycharmProjects/pytorch/739-proj/outFolder\S099\004,5
C:/Users/asmit/PycharmProjects/pytorch/739-proj/outFolder\S099\007,3
C:/Users/asmit/PycharmProjects/pytorch/739-proj/outFolder\S100\001,0
C:/Users/asmit/PycharmProjects/pytorch/739-proj/outFolder\S100\002,7
C:/Users/asmit/PycharmProjects/pytorch/739-proj/outFolder\S100\003,0
C:/Users/asmit/PycharmProjects/pytorch/739-proj/outFolder\S100\004,0
C:/Users/asmit/PycharmProjects/pytorch/739-proj/outFolder\S100\005,1
C:/Users/asmit/PycharmProjects/pytorch/739-proj/outFolder\S100\006,5
C:/Users/asmit/PycharmProjects/pytorch/739-proj/outFolder\S101\001,0
C:/Users/asmit/PycharmProjects/pytorch/739-proj/outFolder\S101\002,7
C:/Users/asmit/PycharmProjects/pytorch/739-proj/outFolder\S101\003,0
C:/Users/asmit/PycharmProjects/pytorch/739-proj/outFolder\S101\004,0
C:/Users/asmit/PycharmProjects/pytorch/739-proj/outFolder\S101\005,0
C:/Users/asmit/PycharmProjects/pytorch/739-proj/outFolder\S102\001,0
C:/Users/asmit/PycharmProjects/pytorch/739-proj/outFolder\S102\002,7
C:/Users/asmit/PycharmProjects/pytorch/739-proj/outFolder\S102\003,4
C:/Users/asmit/PycharmProjects/pytorch/739-proj/outFolder\S102\004,0
C:/Users/asmit/PycharmProjects/pytorch/739-proj/outFolder\S102\005,0
C:/Users/asmit/PycharmProjects/pytorch/739-proj/outFolder\S102\006,0
C:/Users/asmit/PycharmProjects/pytorch/739-proj/outFolder\S102\007,0
C:/Users/asmit/PycharmProjects/pytorch/739-proj/outFolder\S102\008,0
C:/Users/asmit/PycharmProjects/pytorch/739-proj/outFolder\S102\009,3
C:/Users/asmit/PycharmProjects/pytorch/739-proj/outFolder\S103\001,0
C:/Users/asmit/PycharmProjects/pytorch/739-proj/outFolder\S103\002,0
C:/Users/asmit/PycharmProjects/pytorch/739-proj/outFolder\S103\003,0
C:/Users/asmit/PycharmProjects/pytorch/739-proj/outFolder\S103\006,0
C:/Users/asmit/PycharmProjects/pytorch/739-proj/outFolder\S103\007,0
C:/Users/asmit/PycharmProjects/pytorch/739-proj/outFolder\S103\008,0
C:/Users/asmit/PycharmProjects/pytorch/739-proj/outFolder\S104\001,0
C:/Users/asmit/PycharmProjects/pytorch/739-proj/outFolder\S104\002,0
C:/Users/asmit/PycharmProjects/pytorch/739-proj/outFolder\S104\003,0
C:/Users/asmit/PycharmProjects/pytorch/739-proj/outFolder\S105\001,0
C:/Users/asmit/PycharmProjects/pytorch/739-proj/outFolder\S105\002,0
C:/Users/asmit/PycharmProjects/pytorch/739-proj/outFolder\S105\003,0
C:/Users/asmit/PycharmProjects/pytorch/739-proj/outFolder\S105\004,0
C:/Users/asmit/PycharmProjects/pytorch/739-proj/outFolder\S105\005,0
C:/Users/asmit/PycharmProjects/pytorch/739-proj/outFolder\S105\006,0
C:/Users/asmit/PycharmProjects/pytorch/739-proj/outFolder\S105\007,0
C:/Users/asmit/PycharmProjects/pytorch/739-proj/outFolder\S105\008,3
C:/Users/asmit/PycharmProjects/pytorch/739-proj/outFolder\S106\001,0
C:/Users/asmit/PycharmProjects/pytorch/739-proj/outFolder\S106\002,6
C:/Users/asmit/PycharmProjects/pytorch/739-proj/outFolder\S106\003,0
C:/Users/asmit/PycharmProjects/pytorch/739-proj/outFolder\S106\004,3
C:/Users/asmit/PycharmProjects/pytorch/739-proj/outFolder\S106\005,0
C:/Users/asmit/PycharmProjects/pytorch/739-proj/outFolder\S106\006,5
C:/Users/asmit/PycharmProjects/pytorch/739-proj/outFolder\S106\007,0
C:/Users/asmit/PycharmProjects/pytorch/739-proj/outFolder\S107\001,7
C:/Users/asmit/PycharmProjects/pytorch/739-proj/outFolder\S107\002,0
C:/Users/asmit/PycharmProjects/pytorch/739-proj/outFolder\S107\003,0
C:/Users/asmit/PycharmProjects/pytorch/739-proj/outFolder\S107\004,0
C:/Users/asmit/PycharmProjects/pytorch/739-proj/outFolder\S107\005,3
C:/Users/asmit/PycharmProjects/pytorch/739-proj/outFolder\S107\006,0
C:/Users/asmit/PycharmProjects/pytorch/739-proj/outFolder\S108\002,0
C:/Users/asmit/PycharmProjects/pytorch/739-proj/outFolder\S108\003,0
C:/Users/asmit/PycharmProjects/pytorch/739-proj/outFolder\S108\004,0
C:/Users/asmit/PycharmProjects/pytorch/739-proj/outFolder\S108\005,6
C:/Users/asmit/PycharmProjects/pytorch/739-proj/outFolder\S108\006,3
C:/Users/asmit/PycharmProjects/pytorch/739-proj/outFolder\S108\007,0
C:/Users/asmit/PycharmProjects/pytorch/739-proj/outFolder\S108\008,5
C:/Users/asmit/PycharmProjects/pytorch/739-proj/outFolder\S109\001,0
C:/Users/asmit/PycharmProjects/pytorch/739-proj/outFolder\S109\002,0
C:/Users/asmit/PycharmProjects/pytorch/739-proj/outFolder\S109\003,1
C:/Users/asmit/PycharmProjects/pytorch/739-proj/outFolder\S109\004,0
C:/Users/asmit/PycharmProjects/pytorch/739-proj/outFolder\S109\005,3
C:/Users/asmit/PycharmProjects/pytorch/739-proj/outFolder\S109\006,5
C:/Users/asmit/PycharmProjects/pytorch/739-proj/outFolder\S110\001,7
C:/Users/asmit/PycharmProjects/pytorch/739-proj/outFolder\S110\002,0
C:/Users/asmit/PycharmProjects/pytorch/739-proj/outFolder\S110\003,0
C:/Users/asmit/PycharmProjects/pytorch/739-proj/outFolder\S110\004,0
C:/Users/asmit/PycharmProjects/pytorch/739-proj/outFolder\S110\005,0
C:/Users/asmit/PycharmProjects/pytorch/739-proj/outFolder\S110\006,0
C:/Users/asmit/PycharmProjects/pytorch/739-proj/outFolder\S110\007,0
C:/Users/asmit/PycharmProjects/pytorch/739-proj/outFolder\S111\001,7
C:/Users/asmit/PycharmProjects/pytorch/739-proj/outFolder\S111\002,0
C:/Users/asmit/PycharmProjects/pytorch/739-proj/outFolder\S111\003,0
C:/Users/asmit/PycharmProjects/pytorch/739-proj/outFolder\S111\004,0
C:/Users/asmit/PycharmProjects/pytorch/739-proj/outFolder\S111\005,0
C:/Users/asmit/PycharmProjects/pytorch/739-proj/outFolder\S111\006,1
C:/Users/asmit/PycharmProjects/pytorch/739-proj/outFolder\S111\007,3
C:/Users/asmit/PycharmProjects/pytorch/739-proj/outFolder\S112\001,0
C:/Users/asmit/PycharmProjects/pytorch/739-proj/outFolder\S112\002,0
C:/Users/asmit/PycharmProjects/pytorch/739-proj/outFolder\S112\003,0
C:/Users/asmit/PycharmProjects/pytorch/739-proj/outFolder\S112\004,0
C:/Users/asmit/PycharmProjects/pytorch/739-proj/outFolder\S112\005,1
C:/Users/asmit/PycharmProjects/pytorch/739-proj/outFolder\S113\001,7
C:/Users/asmit/PycharmProjects/pytorch/739-proj/outFolder\S113\002,0
C:/Users/asmit/PycharmProjects/pytorch/739-proj/outFolder\S113\003,6
C:/Users/asmit/PycharmProjects/pytorch/739-proj/outFolder\S113\004,0
C:/Users/asmit/PycharmProjects/pytorch/739-proj/outFolder\S113\005,0
C:/Users/asmit/PycharmProjects/pytorch/739-proj/outFolder\S113\006,0
C:/Users/asmit/PycharmProjects/pytorch/739-proj/outFolder\S113\007,0
C:/Users/asmit/PycharmProjects/pytorch/739-proj/outFolder\S113\008,1
C:/Users/asmit/PycharmProjects/pytorch/739-proj/outFolder\S114\001,7
C:/Users/asmit/PycharmProjects/pytorch/739-proj/outFolder\S114\002,0
C:/Users/asmit/PycharmProjects/pytorch/739-proj/outFolder\S114\003,0
C:/Users/asmit/PycharmProjects/pytorch/739-proj/outFolder\S114\004,0
C:/Users/asmit/PycharmProjects/pytorch/739-proj/outFolder\S114\005,0
C:/Users/asmit/PycharmProjects/pytorch/739-proj/outFolder\S114\006,5
C:/Users/asmit/PycharmProjects/pytorch/739-proj/outFolder\S115\001,7
C:/Users/asmit/PycharmProjects/pytorch/739-proj/outFolder\S115\002,0
C:/Users/asmit/PycharmProjects/pytorch/739-proj/outFolder\S115\003,0
C:/Users/asmit/PycharmProjects/pytorch/739-proj/outFolder\S115\004,6
C:/Users/asmit/PycharmProjects/pytorch/739-proj/outFolder\S115\005,0
C:/Users/asmit/PycharmProjects/pytorch/739-proj/outFolder\S115\006,0
C:/Users/asmit/PycharmProjects/pytorch/739-proj/outFolder\S115\007,0
C:/Users/asmit/PycharmProjects/pytorch/739-proj/outFolder\S115\008,5
C:/Users/asmit/PycharmProjects/pytorch/739-proj/outFolder\S116\001,7
C:/Users/asmit/PycharmProjects/pytorch/739-proj/outFolder\S116\002,0
C:/Users/asmit/PycharmProjects/pytorch/739-proj/outFolder\S116\003,0
C:/Users/asmit/PycharmProjects/pytorch/739-proj/outFolder\S116\004,0
C:/Users/asmit/PycharmProjects/pytorch/739-proj/outFolder\S116\005,0
C:/Users/asmit/PycharmProjects/pytorch/739-proj/outFolder\S116\006,3
C:/Users/asmit/PycharmProjects/pytorch/739-proj/outFolder\S116\007,5
C:/Users/asmit/PycharmProjects/pytorch/739-proj/outFolder\S117\001,7
C:/Users/asmit/PycharmProjects/pytorch/739-proj/outFolder\S117\002,0
C:/Users/asmit/PycharmProjects/pytorch/739-proj/outFolder\S117\003,4
C:/Users/asmit/PycharmProjects/pytorch/739-proj/outFolder\S117\004,0
C:/Users/asmit/PycharmProjects/pytorch/739-proj/outFolder\S117\005,0
C:/Users/asmit/PycharmProjects/pytorch/739-proj/outFolder\S117\006,1
C:/Users/asmit/PycharmProjects/pytorch/739-proj/outFolder\S117\007,0
C:/Users/asmit/PycharmProjects/pytorch/739-proj/outFolder\S118\001,0
C:/Users/asmit/PycharmProjects/pytorch/739-proj/outFolder\S118\002,0
C:/Users/asmit/PycharmProjects/pytorch/739-proj/outFolder\S118\003,0
C:/Users/asmit/PycharmProjects/pytorch/739-proj/outFolder\S118\004,0
C:/Users/asmit/PycharmProjects/pytorch/739-proj/outFolder\S118\005,0
C:/Users/asmit/PycharmProjects/pytorch/739-proj/outFolder\S118\006,0
C:/Users/asmit/PycharmProjects/pytorch/739-proj/outFolder\S119\001,7
C:/Users/asmit/PycharmProjects/pytorch/739-proj/outFolder\S119\002,0
C:/Users/asmit/PycharmProjects/pytorch/739-proj/outFolder\S119\003,4
C:/Users/asmit/PycharmProjects/pytorch/739-proj/outFolder\S119\004,0
C:/Users/asmit/PycharmProjects/pytorch/739-proj/outFolder\S119\005,0
C:/Users/asmit/PycharmProjects/pytorch/739-proj/outFolder\S119\006,0
C:/Users/asmit/PycharmProjects/pytorch/739-proj/outFolder\S119\007,0
C:/Users/asmit/PycharmProjects/pytorch/739-proj/outFolder\S119\008,1
C:/Users/asmit/PycharmProjects/pytorch/739-proj/outFolder\S120\001,0
C:/Users/asmit/PycharmProjects/pytorch/739-proj/outFolder\S120\002,0
C:/Users/asmit/PycharmProjects/pytorch/739-proj/outFolder\S121\001,0
C:/Users/asmit/PycharmProjects/pytorch/739-proj/outFolder\S121\002,0
C:/Users/asmit/PycharmProjects/pytorch/739-proj/outFolder\S121\003,0
C:/Users/asmit/PycharmProjects/pytorch/739-proj/outFolder\S121\004,0
C:/Users/asmit/PycharmProjects/pytorch/739-proj/outFolder\S121\005,0
C:/Users/asmit/PycharmProjects/pytorch/739-proj/outFolder\S122\001,7
C:/Users/asmit/PycharmProjects/pytorch/739-proj/outFolder\S122\002,0
C:/Users/asmit/PycharmProjects/pytorch/739-proj/outFolder\S122\004,0
C:/Users/asmit/PycharmProjects/pytorch/739-proj/outFolder\S122\005,0
C:/Users/asmit/PycharmProjects/pytorch/739-proj/outFolder\S124\001,7
C:/Users/asmit/PycharmProjects/pytorch/739-proj/outFolder\S124\002,0
C:/Users/asmit/PycharmProjects/pytorch/739-proj/outFolder\S124\003,4
C:/Users/asmit/PycharmProjects/pytorch/739-proj/outFolder\S124\004,0
C:/Users/asmit/PycharmProjects/pytorch/739-proj/outFolder\S124\005,0
C:/Users/asmit/PycharmProjects/pytorch/739-proj/outFolder\S124\006,3
C:/Users/asmit/PycharmProjects/pytorch/739-proj/outFolder\S124\007,5
C:/Users/asmit/PycharmProjects/pytorch/739-proj/outFolder\S125\001,6
C:/Users/asmit/PycharmProjects/pytorch/739-proj/outFolder\S125\002,0
C:/Users/asmit/PycharmProjects/pytorch/739-proj/outFolder\S125\003,0
C:/Users/asmit/PycharmProjects/pytorch/739-proj/outFolder\S125\004,0
C:/Users/asmit/PycharmProjects/pytorch/739-proj/outFolder\S125\005,5
C:/Users/asmit/PycharmProjects/pytorch/739-proj/outFolder\S125\006,4
C:/Users/asmit/PycharmProjects/pytorch/739-proj/outFolder\S125\007,7
C:/Users/asmit/PycharmProjects/pytorch/739-proj/outFolder\S125\008,3
C:/Users/asmit/PycharmProjects/pytorch/739-proj/outFolder\S126\001,0
C:/Users/asmit/PycharmProjects/pytorch/739-proj/outFolder\S126\002,0
C:/Users/asmit/PycharmProjects/pytorch/739-proj/outFolder\S126\004,7
C:/Users/asmit/PycharmProjects/pytorch/739-proj/outFolder\S126\008,1
C:/Users/asmit/PycharmProjects/pytorch/739-proj/outFolder\S127\001,7
C:/Users/asmit/PycharmProjects/pytorch/739-proj/outFolder\S127\002,0
C:/Users/asmit/PycharmProjects/pytorch/739-proj/outFolder\S127\003,0
C:/Users/asmit/PycharmProjects/pytorch/739-proj/outFolder\S127\004,5
C:/Users/asmit/PycharmProjects/pytorch/739-proj/outFolder\S127\010,1
C:/Users/asmit/PycharmProjects/pytorch/739-proj/outFolder\S128\001,0
C:/Users/asmit/PycharmProjects/pytorch/739-proj/outFolder\S128\002,0
C:/Users/asmit/PycharmProjects/pytorch/739-proj/outFolder\S128\003,0
C:/Users/asmit/PycharmProjects/pytorch/739-proj/outFolder\S128\004,3
C:/Users/asmit/PycharmProjects/pytorch/739-proj/outFolder\S128\005,0
C:/Users/asmit/PycharmProjects/pytorch/739-proj/outFolder\S128\011,5
C:/Users/asmit/PycharmProjects/pytorch/739-proj/outFolder\S129\001,0
C:/Users/asmit/PycharmProjects/pytorch/739-proj/outFolder\S129\002,7
C:/Users/asmit/PycharmProjects/pytorch/739-proj/outFolder\S129\003,0
C:/Users/asmit/PycharmProjects/pytorch/739-proj/outFolder\S129\004,0
C:/Users/asmit/PycharmProjects/pytorch/739-proj/outFolder\S129\005,0
C:/Users/asmit/PycharmProjects/pytorch/739-proj/outFolder\S129\006,1
C:/Users/asmit/PycharmProjects/pytorch/739-proj/outFolder\S129\007,0
C:/Users/asmit/PycharmProjects/pytorch/739-proj/outFolder\S129\011,3
C:/Users/asmit/PycharmProjects/pytorch/739-proj/outFolder\S129\012,5
C:/Users/asmit/PycharmProjects/pytorch/739-proj/outFolder\S130\001,7
C:/Users/asmit/PycharmProjects/pytorch/739-proj/outFolder\S130\002,0
C:/Users/asmit/PycharmProjects/pytorch/739-proj/outFolder\S130\003,0
C:/Users/asmit/PycharmProjects/pytorch/739-proj/outFolder\S130\004,0
C:/Users/asmit/PycharmProjects/pytorch/739-proj/outFolder\S130\005,0
C:/Users/asmit/PycharmProjects/pytorch/739-proj/outFolder\S130\006,0
C:/Users/asmit/PycharmProjects/pytorch/739-proj/outFolder\S130\007,1
C:/Users/asmit/PycharmProjects/pytorch/739-proj/outFolder\S130\008,0
C:/Users/asmit/PycharmProjects/pytorch/739-proj/outFolder\S130\009,6
C:/Users/asmit/PycharmProjects/pytorch/739-proj/outFolder\S130\012,3
C:/Users/asmit/PycharmProjects/pytorch/739-proj/outFolder\S130\013,5
C:/Users/asmit/PycharmProjects/pytorch/739-proj/outFolder\S131\001,7
C:/Users/asmit/PycharmProjects/pytorch/739-proj/outFolder\S131\002,0
C:/Users/asmit/PycharmProjects/pytorch/739-proj/outFolder\S131\003,6
C:/Users/asmit/PycharmProjects/pytorch/739-proj/outFolder\S131\004,0
C:/Users/asmit/PycharmProjects/pytorch/739-proj/outFolder\S131\005,0
C:/Users/asmit/PycharmProjects/pytorch/739-proj/outFolder\S131\006,5
C:/Users/asmit/PycharmProjects/pytorch/739-proj/outFolder\S131\007,0
C:/Users/asmit/PycharmProjects/pytorch/739-proj/outFolder\S131\010,3
C:/Users/asmit/PycharmProjects/pytorch/739-proj/outFolder\S132\001,0
C:/Users/asmit/PycharmProjects/pytorch/739-proj/outFolder\S132\002,6
C:/Users/asmit/PycharmProjects/pytorch/739-proj/outFolder\S132\003,4
C:/Users/asmit/PycharmProjects/pytorch/739-proj/outFolder\S132\004,0
C:/Users/asmit/PycharmProjects/pytorch/739-proj/outFolder\S132\005,3
C:/Users/asmit/PycharmProjects/pytorch/739-proj/outFolder\S132\006,5
C:/Users/asmit/PycharmProjects/pytorch/739-proj/outFolder\S132\007,0
C:/Users/asmit/PycharmProjects/pytorch/739-proj/outFolder\S132\008,7
C:/Users/asmit/PycharmProjects/pytorch/739-proj/outFolder\S133\001,0
C:/Users/asmit/PycharmProjects/pytorch/739-proj/outFolder\S133\002,0
C:/Users/asmit/PycharmProjects/pytorch/739-proj/outFolder\S133\003,1
C:/Users/asmit/PycharmProjects/pytorch/739-proj/outFolder\S133\004,0
C:/Users/asmit/PycharmProjects/pytorch/739-proj/outFolder\S133\009,7
C:/Users/asmit/PycharmProjects/pytorch/739-proj/outFolder\S133\010,5
C:/Users/asmit/PycharmProjects/pytorch/739-proj/outFolder\S134\001,0
C:/Users/asmit/PycharmProjects/pytorch/739-proj/outFolder\S134\002,0
C:/Users/asmit/PycharmProjects/pytorch/739-proj/outFolder\S134\003,1
C:/Users/asmit/PycharmProjects/pytorch/739-proj/outFolder\S134\004,5
C:/Users/asmit/PycharmProjects/pytorch/739-proj/outFolder\S134\008,3
C:/Users/asmit/PycharmProjects/pytorch/739-proj/outFolder\S135\001,7
C:/Users/asmit/PycharmProjects/pytorch/739-proj/outFolder\S135\002,0
C:/Users/asmit/PycharmProjects/pytorch/739-proj/outFolder\S135\003,0
C:/Users/asmit/PycharmProjects/pytorch/739-proj/outFolder\S135\004,0
C:/Users/asmit/PycharmProjects/pytorch/739-proj/outFolder\S135\012,5
C:/Users/asmit/PycharmProjects/pytorch/739-proj/outFolder\S136\001,7
C:/Users/asmit/PycharmProjects/pytorch/739-proj/outFolder\S136\002,0
C:/Users/asmit/PycharmProjects/pytorch/739-proj/outFolder\S136\003,6
C:/Users/asmit/PycharmProjects/pytorch/739-proj/outFolder\S136\004,0
C:/Users/asmit/PycharmProjects/pytorch/739-proj/outFolder\S136\005,1
C:/Users/asmit/PycharmProjects/pytorch/739-proj/outFolder\S136\006,5
C:/Users/asmit/PycharmProjects/pytorch/739-proj/outFolder\S137\001,7
C:/Users/asmit/PycharmProjects/pytorch/739-proj/outFolder\S137\002,0
C:/Users/asmit/PycharmProjects/pytorch/739-proj/outFolder\S137\003,0
C:/Users/asmit/PycharmProjects/pytorch/739-proj/outFolder\S137\004,0
C:/Users/asmit/PycharmProjects/pytorch/739-proj/outFolder\S137\005,6
C:/Users/asmit/PycharmProjects/pytorch/739-proj/outFolder\S137\011,5
C:/Users/asmit/PycharmProjects/pytorch/739-proj/outFolder\S138\001,4
C:/Users/asmit/PycharmProjects/pytorch/739-proj/outFolder\S138\002,0
C:/Users/asmit/PycharmProjects/pytorch/739-proj/outFolder\S138\003,0
C:/Users/asmit/PycharmProjects/pytorch/739-proj/outFolder\S138\004,7
C:/Users/asmit/PycharmProjects/pytorch/739-proj/outFolder\S138\005,5
C:/Users/asmit/PycharmProjects/pytorch/739-proj/outFolder\S138\006,0
C:/Users/asmit/PycharmProjects/pytorch/739-proj/outFolder\S138\007,6
C:/Users/asmit/PycharmProjects/pytorch/739-proj/outFolder\S138\008,2
C:/Users/asmit/PycharmProjects/pytorch/739-proj/outFolder\S139\002,2
C:/Users/asmit/PycharmProjects/pytorch/739-proj/outFolder\S147\002,2
C:/Users/asmit/PycharmProjects/pytorch/739-proj/outFolder\S148\002,2
C:/Users/asmit/PycharmProjects/pytorch/739-proj/outFolder\S149\002,2
C:/Users/asmit/PycharmProjects/pytorch/739-proj/outFolder\S151\002,2
C:/Users/asmit/PycharmProjects/pytorch/739-proj/outFolder\S154\002,2
C:/Users/asmit/PycharmProjects/pytorch/739-proj/outFolder\S155\002,2
C:/Users/asmit/PycharmProjects/pytorch/739-proj/outFolder\S156\002,2
C:/Users/asmit/PycharmProjects/pytorch/739-proj/outFolder\S157\002,2
C:/Users/asmit/PycharmProjects/pytorch/739-proj/outFolder\S158\002,2
C:/Users/asmit/PycharmProjects/pytorch/739-proj/outFolder\S160\006,2
C:/Users/asmit/PycharmProjects/pytorch/739-proj/outFolder\S501\001,1
C:/Users/asmit/PycharmProjects/pytorch/739-proj/outFolder\S501\004,4
C:/Users/asmit/PycharmProjects/pytorch/739-proj/outFolder\S501\006,6
C:/Users/asmit/PycharmProjects/pytorch/739-proj/outFolder\S502\001,1
C:/Users/asmit/PycharmProjects/pytorch/739-proj/outFolder\S502\002,2
C:/Users/asmit/PycharmProjects/pytorch/739-proj/outFolder\S502\004,4
C:/Users/asmit/PycharmProjects/pytorch/739-proj/outFolder\S503\001,1
C:/Users/asmit/PycharmProjects/pytorch/739-proj/outFolder\S503\002,2
C:/Users/asmit/PycharmProjects/pytorch/739-proj/outFolder\S503\006,6
C:/Users/asmit/PycharmProjects/pytorch/739-proj/outFolder\S504\001,1
C:/Users/asmit/PycharmProjects/pytorch/739-proj/outFolder\S504\002,2
C:/Users/asmit/PycharmProjects/pytorch/739-proj/outFolder\S504\004,4
C:/Users/asmit/PycharmProjects/pytorch/739-proj/outFolder\S504\006,6
C:/Users/asmit/PycharmProjects/pytorch/739-proj/outFolder\S505\002,2
C:/Users/asmit/PycharmProjects/pytorch/739-proj/outFolder\S505\006,6
C:/Users/asmit/PycharmProjects/pytorch/739-proj/outFolder\S506\001,1
C:/Users/asmit/PycharmProjects/pytorch/739-proj/outFolder\S506\002,2
C:/Users/asmit/PycharmProjects/pytorch/739-proj/outFolder\S506\004,4
C:/Users/asmit/PycharmProjects/pytorch/739-proj/outFolder\S506\006,6
C:/Users/asmit/PycharmProjects/pytorch/739-proj/outFolder\S895\002,2
C:/Users/asmit/PycharmProjects/pytorch/739-proj/outFolder\S999\001,1
C:/Users/asmit/PycharmProjects/pytorch/739-proj/outFolder\S999\003,4
